,Time Frame,Date,Ta (C),Tm (C),I3 (W/m2),I15 (W/m2),P (kW),year,month,day,hour,day_of_week,day_of_year,day_part,is_year_start,is_quarter_start,is_month_start,is_month_end,is_weekend,Ta (F),Tm (F),notes,note
5260,21,2012-10-13 21:46:00,19.05,17.85,211.51,301.73,213.98,2012,10,13,21,5,287,night,False,False,False,False,1,66.28999999999999,64.13,P troppo elevata,
5284,21,2012-10-14 21:46:00,19.93,17.92,222.93,278.65,202.28,2012,10,14,21,6,288,night,False,False,False,False,1,67.874,64.256,"I3,I15,P troppo elevati",
5614,21,2012-10-28 21:47:00,18.68,16.73,132.81,136.0,103.8,2012,10,28,21,6,302,night,False,False,False,False,1,65.624,62.114000000000004,"I3,I15,P troppo elevati",
5638,21,2012-10-29 21:47:00,12.18,9.06,384.81,513.61,353.22,2012,10,29,21,0,303,night,False,False,False,False,0,53.924,48.308,"I3,I15,P troppo elevati",
5569,21,2012-10-26 21:46:00,18.06,15.1,319.25,351.34,258.82,2012,10,26,21,4,300,night,False,False,False,False,0,64.508,59.18,"I3,I15,P troppo elevati",
2853,21,2012-07-04 21:51:00,36.0,45.59,462.39,421.33,328.46,2012,7,4,21,2,186,night,False,False,False,False,0,96.8,114.06200000000001,"I3,I15,P troppo elevati",
5593,21,2012-10-27 21:48:00,22.71,21.22,398.81,444.06,329.88,2012,10,27,21,5,301,night,False,False,False,False,1,72.878,70.196,"I3,I15,P troppo elevati",
5356,21,2012-10-17 21:42:00,14.49,9.81,209.72,251.71,184.78,2012,10,17,21,2,291,night,False,False,False,False,0,58.082,49.658,"I3,I15,P troppo elevati",
5755,21,2012-11-03 21:40:00,22.68,28.7,189.19,214.12,164.23,2012,11,3,21,5,308,night,False,False,False,False,1,72.824,83.66,"I3,I15,P troppo elevati",
5449,21,2012-10-21 21:55:00,15.49,12.46,310.63,339.07,257.48,2012,10,21,21,6,295,night,False,False,False,False,1,59.882000000000005,54.428,"I3,I15,P troppo elevati",
5473,21,2012-10-22 21:43:00,15.76,12.92,277.93,406.95,244.18,2012,10,22,21,0,296,night,False,False,False,False,0,60.367999999999995,55.256,"I3,I15,P troppo elevati",
5404,21,2012-10-19 21:42:00,15.07,10.85,204.08,295.38,192.73,2012,10,19,21,4,293,night,False,False,False,False,0,59.126000000000005,51.53,"I3,I15,P troppo elevati",
5428,21,2012-10-20 21:42:00,15.19,12.13,157.65,164.67,141.58,2012,10,20,21,5,294,night,False,False,False,False,1,59.342,53.834,"I3,I15,P troppo elevati",
5380,21,2012-10-18 21:42:00,14.24,10.6,227.52,284.55,195.65,2012,10,18,21,3,292,night,False,False,False,False,0,57.632000000000005,51.08,"I3,I15,P troppo elevati",
5545,21,2012-10-25 21:46:00,14.33,10.4,285.68,374.95,256.72,2012,10,25,21,3,299,night,False,False,False,False,0,57.794,50.72,"I3,I15,P troppo elevati",
5521,21,2012-10-24 21:46:00,14.56,10.4,319.34,432.8,299.84,2012,10,24,21,2,298,night,False,False,False,False,0,58.208,50.72,"I3,I15,P troppo elevati",
5497,21,2012-10-23 21:56:00,15.85,12.35,294.71,394.87,272.07,2012,10,23,21,1,297,night,False,False,False,False,0,60.53,54.230000000000004,"I3,I15,P troppo elevati",
5308,21,2012-10-15 21:46:00,21.81,19.73,123.03,141.1,105.99,2012,10,15,21,0,289,night,False,False,False,False,0,71.258,67.51400000000001,"I3,I15,P troppo elevati",
5332,21,2012-10-16 21:42:00,16.34,11.24,232.02,315.06,206.2,2012,10,16,21,1,290,night,False,False,False,False,0,61.412,52.232,"I3,I15,P troppo elevati",
5779,21,2012-11-04 21:40:00,22.68,28.7,189.19,214.12,164.23,2012,11,4,21,6,309,night,False,False,False,False,1,72.824,83.66,"I3,I15,P troppo elevati",
380,21,2012-03-21 21:55:00,12.8,10.95,342.33,324.08,271.19,2012,3,21,21,2,81,night,False,False,False,False,0,55.040000000000006,51.71,"I3,I15,P troppo elevati",
356,21,2012-03-20 21:56:00,11.59,8.82,346.19,519.51,321.54,2012,3,20,21,1,80,night,False,False,False,False,0,52.862,47.876000000000005,"I3,I15,P troppo elevati",
403,21,2012-03-22 21:50:00,10.99,6.04,289.7,306.07,251.53,2012,3,22,21,3,82,night,False,False,False,False,0,51.782,42.872,"I3,I15,P troppo elevati",
308,21,2012-03-18 21:51:00,11.71,7.0,216.91,211.28,182.68,2012,3,18,21,6,78,night,False,False,False,False,1,53.078,44.6,"I3,I15,P troppo elevati",
292,21,2012-03-17 21:46:00,10.88,5.54,768.79,868.22,677.15,2012,3,17,21,5,77,night,False,False,False,False,1,51.584,41.972,"I3,I15,P troppo elevati",
332,21,2012-03-19 21:41:00,12.44,9.06,451.44,521.51,411.47,2012,3,19,21,0,79,night,False,False,False,False,0,54.391999999999996,48.308,"I3,I15,P troppo elevati",
499,21,2012-03-26 21:53:00,13.95,10.76,537.69,617.19,463.34,2012,3,26,21,0,86,night,False,False,False,False,0,57.11,51.367999999999995,"I3,I15,P troppo elevati",
545,21,2012-03-28 21:39:00,12.58,7.69,689.75,778.87,592.99,2012,3,28,21,2,88,night,False,False,False,False,0,54.644000000000005,45.842,"I3,I15,P troppo elevati",
451,21,2012-03-24 21:40:00,12.08,7.66,462.4,522.82,398.5,2012,3,24,21,5,84,night,False,False,False,False,1,53.744,45.788,"I3,I15,P troppo elevati",
427,21,2012-03-23 21:40:00,13.82,10.54,459.35,529.8,386.36,2012,3,23,21,4,83,night,False,False,False,False,0,56.876000000000005,50.971999999999994,"I3,I15,P troppo elevati",
5068,21,2012-10-05 21:45:00,17.74,14.65,263.99,320.51,244.35,2012,10,5,21,4,279,night,False,False,False,False,0,63.932,58.370000000000005,"I3,I15,P troppo elevati",
475,21,2012-03-25 21:40:00,12.04,8.19,452.76,521.38,393.19,2012,3,25,21,6,85,night,False,False,False,False,1,53.672,46.742,"I3,I15,P troppo elevati",
245,21,2012-03-15 21:39:00,9.94,6.44,259.63,332.07,223.63,2012,3,15,21,3,75,night,False,False,False,False,0,49.891999999999996,43.592,"I3,I15,P troppo elevati",
268,21,2012-03-16 21:56:00,8.5,1.29,467.59,558.28,420.53,2012,3,16,21,4,76,night,False,False,False,False,0,47.3,34.322,"I3,I15,P troppo elevati",
5164,21,2012-10-09 21:52:00,17.92,15.63,131.04,143.45,105.82,2012,10,9,21,1,283,night,False,False,False,False,0,64.256,60.134,"I3,I15,P troppo elevati",
5140,21,2012-10-08 21:52:00,16.37,11.38,195.21,240.77,172.02,2012,10,8,21,0,282,night,False,False,False,False,0,61.466,52.484,"I3,I15,P troppo elevati",
5188,21,2012-10-10 21:52:00,16.42,12.34,234.93,288.78,197.75,2012,10,10,21,2,284,night,False,False,False,False,0,61.556000000000004,54.212,"I3,I15,P troppo elevati",
593,21,2012-03-30 21:58:00,12.41,7.64,850.05,932.8,703.58,2012,3,30,21,4,90,night,False,False,False,False,0,54.338,45.751999999999995,"I3,I15,P troppo elevati",
569,21,2012-03-29 21:39:00,11.85,6.83,817.59,910.42,688.16,2012,3,29,21,3,89,night,False,False,False,False,0,53.33,44.294,"I3,I15,P troppo elevati",
5092,21,2012-10-06 21:42:00,16.8,12.86,250.38,276.48,208.1,2012,10,6,21,5,280,night,False,False,False,False,1,62.24,55.147999999999996,"I3,I15,P troppo elevati",
5116,21,2012-10-07 21:42:00,21.42,19.47,191.95,257.96,154.17,2012,10,7,21,6,281,night,False,False,False,False,1,70.55600000000001,67.04599999999999,"I3,I15,P troppo elevati",
291,20,2012-03-17 20:56:00,11.32,5.86,579.73,487.46,476.57,2012,3,17,20,5,77,night,False,False,False,False,1,52.376000000000005,42.548,Tm neativa,
267,20,2012-03-16 20:56:00,9.48,2.48,264.33,316.48,222.97,2012,3,16,20,4,76,night,False,False,False,False,0,49.064,36.464,Tm neativa,
592,20,2012-03-30 20:58:00,13.14,7.64,795.53,878.52,664.91,2012,3,30,20,4,90,night,False,False,False,False,0,55.652,45.751999999999995,Tm neativa,
544,20,2012-03-28 20:59:00,12.98,8.55,512.32,586.62,434.2,2012,3,28,20,2,88,night,False,False,False,False,0,55.364000000000004,47.39,"I3,I15,P troppo elevati",
568,20,2012-03-29 20:59:00,12.29,6.96,691.12,772.26,588.63,2012,3,29,20,3,89,night,False,False,False,False,0,54.122,44.528,"I3,I15,P troppo elevati",
450,20,2012-03-24 20:50:00,13.12,9.87,249.5,263.74,216.63,2012,3,24,20,5,84,night,False,False,False,False,1,55.616,49.766,"I3,I15,P troppo elevati",
331,20,2012-03-19 20:51:00,11.93,6.15,232.7,267.21,205.17,2012,3,19,20,0,79,night,False,False,False,False,0,53.474000000000004,43.07,"I3,I15,P troppo elevati",
2852,20,2012-07-04 20:51:00,36.0,45.59,462.39,421.33,328.46,2012,7,4,20,2,186,night,False,False,False,False,0,96.8,114.06200000000001,"I3,I15,P troppo elevati",
591,19,2012-03-30 19:58:00,14.16,8.35,672.4,749.36,576.69,2012,3,30,19,4,90,evening,False,False,False,False,0,57.488,47.03,"I3,I15,P troppo elevati",
2851,19,2012-07-04 19:51:00,36.0,45.59,462.39,421.33,328.46,2012,7,4,19,2,186,evening,False,False,False,False,0,96.8,114.06200000000001,"I3,I15,P troppo elevati",
2852,20,2012-07-04 20:51:00,36.0,45.59,462.39,421.33,328.46,2012,7,4,20,2,186,night,False,False,False,False,0,96.8,114.06200000000001,"I3,I15,P troppo elevati",
521,19,2012-03-27 19:03:00,13.6,10.4,507.06,577.29,434.85,2012,3,27,19,1,87,evening,False,False,False,False,0,56.480000000000004,50.72,"I3,I15,P troppo elevati",
567,19,2012-03-29 19:59:00,13.5,7.85,530.73,602.42,449.85,2012,3,29,19,3,89,evening,False,False,False,False,0,56.3,46.129999999999995,"I3,I15,P troppo elevati",
4231,11,2012-08-31 18:58:00,0.0,0.0,854.57,922.49,677.12,2012,8,31,18,4,244,evening,False,False,False,True,0,32.0,32.0,"I3,I15,P troppo elevati",
4228,8,2012-08-31 18:58:00,0.0,0.0,553.08,612.21,463.35,2012,8,31,18,4,244,evening,False,False,False,True,0,32.0,32.0,"I3,I15,P troppo elevati",
